[{"identifier":{"id":"formulahendry.auto-close-tag","uuid":"d3836729-9cc1-42c1-b2af-d50071f57d29"},"version":"0.5.15","location":{"$mid":1,"path":"/C:/developsUI/VSCode-win32-x64-1.87.2/data/extensions/formulahendry.auto-close-tag-0.5.15","scheme":"file"},"relativeLocation":"formulahendry.auto-close-tag-0.5.15","metadata":{"id":"d3836729-9cc1-42c1-b2af-d50071f57d29","publisherId":"38bbe3f0-5204-4170-845e-c2f966d979b8","publisherDisplayName":"Jun Han","targetPlatform":"undefined","updated":false,"isPreReleaseVersion":false,"hasPreReleaseVersion":false,"installedTimestamp":1713856585581,"pinned":false}},{"identifier":{"id":"formulahendry.auto-rename-tag","uuid":"6e440e71-8ed9-4f25-bb78-4b13096b8a03"},"version":"0.1.10","location":{"$mid":1,"path":"/C:/developsUI/VSCode-win32-x64-1.87.2/data/extensions/formulahendry.auto-rename-tag-0.1.10","scheme":"file"},"relativeLocation":"formulahendry.auto-rename-tag-0.1.10","metadata":{"id":"6e440e71-8ed9-4f25-bb78-4b13096b8a03","publisherId":"38bbe3f0-5204-4170-845e-c2f966d979b8","publisherDisplayName":"Jun Han","targetPlatform":"undefined","updated":false,"isPreReleaseVersion":false,"hasPreReleaseVersion":false,"installedTimestamp":1713856590812,"pinned":false}},{"identifier":{"id":"mikestead.dotenv","uuid":"532533c9-a894-4a58-9eee-bbfbe7c06f71"},"version":"1.0.1","location":{"$mid":1,"path":"/C:/developsUI/VSCode-win32-x64-1.87.2/data/extensions/mikestead.dotenv-1.0.1","scheme":"file"},"relativeLocation":"mikestead.dotenv-1.0.1","metadata":{"id":"532533c9-a894-4a58-9eee-bbfbe7c06f71","publisherId":"b6aa9b98-56e5-4846-b7d2-600d45fc63fc","publisherDisplayName":"mikestead","targetPlatform":"undefined","updated":false,"isPreReleaseVersion":false,"hasPreReleaseVersion":false,"installedTimestamp":1713856599345,"pinned":false}},{"identifier":{"id":"vincaslt.highlight-matching-tag","uuid":"aae00486-7e92-42b3-91b0-2b419e4f3875"},"version":"0.11.0","location":{"$mid":1,"path":"/C:/developsUI/VSCode-win32-x64-1.87.2/data/extensions/vincaslt.highlight-matching-tag-0.11.0","scheme":"file"},"relativeLocation":"vincaslt.highlight-matching-tag-0.11.0","metadata":{"id":"aae00486-7e92-42b3-91b0-2b419e4f3875","publisherId":"81b5ff8a-7099-47ff-acce-7406aece08b3","publisherDisplayName":"vincaslt","targetPlatform":"undefined","updated":false,"isPreReleaseVersion":false,"hasPreReleaseVersion":false,"installedTimestamp":1713856615030,"pinned":false}},{"identifier":{"id":"ms-vscode.live-server","uuid":"4eae7368-ec63-429d-8449-57a7df5e2117"},"version":"0.4.13","location":{"$mid":1,"path":"/C:/developsUI/VSCode-win32-x64-1.87.2/data/extensions/ms-vscode.live-server-0.4.13","scheme":"file"},"relativeLocation":"ms-vscode.live-server-0.4.13","metadata":{"id":"4eae7368-ec63-429d-8449-57a7df5e2117","publisherId":"5f5636e7-69ed-4afe-b5d6-8d231fb3d3ee","publisherDisplayName":"Microsoft","targetPlatform":"undefined","updated":false,"isPreReleaseVersion":false,"hasPreReleaseVersion":false,"installedTimestamp":1713856624932,"pinned":false}},{"identifier":{"id":"esbenp.prettier-vscode","uuid":"96fa4707-6983-4489-b7c5-d5ffdfdcce90"},"version":"10.4.0","location":{"$mid":1,"path":"/C:/developsUI/VSCode-win32-x64-1.87.2/data/extensions/esbenp.prettier-vscode-10.4.0","scheme":"file"},"relativeLocation":"esbenp.prettier-vscode-10.4.0","metadata":{"id":"96fa4707-6983-4489-b7c5-d5ffdfdcce90","publisherId":"d16f4e39-2ffb-44e3-9c0d-79d873570e3a","publisherDisplayName":"Prettier","targetPlatform":"undefined","updated":false,"isPreReleaseVersion":false,"hasPreReleaseVersion":false,"installedTimestamp":1713856646956,"pinned":false}},{"identifier":{"id":"ritwickdey.liveserver","uuid":"b63c44fd-0457-4696-99e9-dbfdf70d77de"},"version":"5.7.9","location":{"$mid":1,"path":"/C:/developsUI/VSCode-win32-x64-1.87.2/data/extensions/ritwickdey.liveserver-5.7.9","scheme":"file"},"relativeLocation":"ritwickdey.liveserver-5.7.9","metadata":{"id":"b63c44fd-0457-4696-99e9-dbfdf70d77de","publisherId":"17fd9a78-e430-4a78-add2-ade4a8830352","publisherDisplayName":"Ritwick Dey","targetPlatform":"undefined","updated":false,"isPreReleaseVersion":false,"hasPreReleaseVersion":false,"installedTimestamp":1713856636047,"pinned":false}},{"identifier":{"id":"tal7aouy.rainbow-bracket","uuid":"90cf5b00-d411-42a6-a3fb-9c367e93e251"},"version":"1.0.2","location":{"$mid":1,"path":"/C:/developsUI/VSCode-win32-x64-1.87.2/data/extensions/tal7aouy.rainbow-bracket-1.0.2","scheme":"file"},"relativeLocation":"tal7aouy.rainbow-bracket-1.0.2","metadata":{"id":"90cf5b00-d411-42a6-a3fb-9c367e93e251","publisherId":"bc6e1246-1061-4dec-a2c3-91280d192974","publisherDisplayName":"Mhammed Talhaouy","targetPlatform":"undefined","updated":false,"isPreReleaseVersion":false,"hasPreReleaseVersion":false,"installedTimestamp":1713856658989,"pinned":false}},{"identifier":{"id":"hollowtree.vue-snippets","uuid":"3620b114-6fe8-459b-8c68-99943147069b"},"version":"1.0.4","location":{"$mid":1,"path":"/C:/developsUI/VSCode-win32-x64-1.87.2/data/extensions/hollowtree.vue-snippets-1.0.4","scheme":"file"},"relativeLocation":"hollowtree.vue-snippets-1.0.4","metadata":{"id":"3620b114-6fe8-459b-8c68-99943147069b","publisherId":"8d711594-469c-48e6-b07c-32197084b71c","publisherDisplayName":"hollowtree","targetPlatform":"undefined","updated":false,"isPreReleaseVersion":false,"hasPreReleaseVersion":false,"installedTimestamp":1713856677529,"pinned":false}},{"identifier":{"id":"dariofuzinato.vue-peek","uuid":"6f99be10-9aad-4b1c-8691-bcae8ae7b104"},"version":"1.0.2","location":{"$mid":1,"path":"/C:/developsUI/VSCode-win32-x64-1.87.2/data/extensions/dariofuzinato.vue-peek-1.0.2","scheme":"file"},"relativeLocation":"dariofuzinato.vue-peek-1.0.2","metadata":{"id":"6f99be10-9aad-4b1c-8691-bcae8ae7b104","publisherId":"c437f967-ccf9-4ec6-a1c7-10eec23f06eb","publisherDisplayName":"Dario Fuzinato","targetPlatform":"undefined","updated":false,"isPreReleaseVersion":false,"hasPreReleaseVersion":false,"installedTimestamp":1713856681925,"pinned":false}},{"identifier":{"id":"zhang-renyang.vscode-react","uuid":"b84e1a89-f492-46b2-8970-b8648256aa10"},"version":"0.0.5","location":{"$mid":1,"fsPath":"c:\\developsUI\\VSCode-win32-x64-1.87.2\\data\\extensions\\zhang-renyang.vscode-react-0.0.5","_sep":1,"external":"file:///c%3A/developsUI/VSCode-win32-x64-1.87.2/data/extensions/zhang-renyang.vscode-react-0.0.5","path":"/c:/developsUI/VSCode-win32-x64-1.87.2/data/extensions/zhang-renyang.vscode-react-0.0.5","scheme":"file"},"relativeLocation":"zhang-renyang.vscode-react-0.0.5","metadata":{"id":"b84e1a89-f492-46b2-8970-b8648256aa10","publisherId":"fceb7e76-9477-489c-afe4-259814322b1c","publisherDisplayName":"zhang-renyang","targetPlatform":"undefined","updated":false,"isPreReleaseVersion":false,"hasPreReleaseVersion":false,"installedTimestamp":1713856685864,"pinned":false}}]