{
    "userDataProfilesMigration": true,
    "profileAssociations": {
        "workspaces": {},
        "emptyWindows": {
            "1713856384374": "__default__profile__"
        }
    },
    "profileAssociationsMigration": true,
    "telemetry.sqmId": "{4882FE9C-0275-491C-B8F2-478D704B6F3D}",
    "telemetry.machineId": "93eee332f27a053a480fb473ca7ec257ca365510982f183bcd5230935d717b6d",
    "backupWorkspaces": {
        "workspaces": [],
        "folders": [],
        "emptyWindows": [
            {
                "backupFolder": "1713856384374"
            }
        ]
    },
    "windowControlHeight": 35,
    "theme": "vs-dark",
    "themeBackground": "#1f1f1f",
    "windowSplash": {
        "zoomLevel": 0,
        "baseTheme": "vs-dark",
        "colorInfo": {
            "foreground": "#cccccc",
            "background": "#1f1f1f",
            "editorBackground": "#1f1f1f",
            "titleBarBackground": "#181818",
            "activityBarBackground": "#181818",
            "sideBarBackground": "#181818",
            "statusBarBackground": "#181818",
            "statusBarNoFolderBackground": "#1f1f1f"
        },
        "layoutInfo": {
            "sideBarSide": "left",
            "editorPartMinWidth": 220,
            "titleBarHeight": 35,
            "activityBarWidth": 48,
            "sideBarWidth": 256,
            "statusBarHeight": 22,
            "windowBorder": false
        }
    },
    "windowsState": {
        "lastActiveWindow": {
            "backupPath": "C:\\developsUI\\VSCode-win32-x64-1.87.2\\data\\user-data\\Backups\\1713856384374",
            "uiState": {
                "mode": 0,
                "x": 2800,
                "y": 15,
                "width": 1024,
                "height": 768
            }
        },
        "openedWindows": []
    }
}