{"commands.category":"Vista previa dinámica","commands.openAutomaticallyOnServerStart":"Abrir automáticamente al iniciar el servidor","commands.runServerLoggingTask":"Iniciar registro del servidor","commands.showDebugPreview":"Mostrar vista previa de depuración","commands.showDebugPreviewExternalBrowser":"Mostrar vista previa de depuración (explorador externo)","commands.showPreview":"Mostrar vista previa","commands.showPreviewExternalBrowser":"Mostrar vista previa (explorador externo)","commands.showPreviewInternalBrowser":"Mostrar vista previa (explorador interno)","commands.startServer":"Inicio del servidor","commands.startServerAtFileString":"Iniciar servidor en la cadena de ruta de acceso al archivo","commands.stopServer":"Detención del servidor","settings.autoRefreshPreview":"Frecuencia con la que se actualiza automáticamente la vista previa.","settings.customExternalBrowser":"Explorador que desea iniciar al obtener una vista previa de un archivo en un explorador externo. Solo funciona para la versión preliminar normal (sin depuración) y solo funciona en el escritorio.","settings.debugOnExternalPreview":"Indica si se va a asociar el depurador de JavaScript en los inicios de la versión preliminar externa.","settings.defaultPreviewPath":"Archivo que se mostrará automáticamente al iniciar el servidor. Déjelo en blanco para abrirlo en el índice.","settings.hostIP":"Dirección del host IP local en la que se hospedarán los archivos.","settings.httpHeaders":"Encabezados HTTP adicionales que deberían establecerse en las respuestas HTTP del servidor.","settings.notifyOnOpenLooseFile":"Indica si se debe notificar al usuario al abrir una vista previa de un archivo que no forma parte del área de trabajo abierta actualmente (o el área de trabajo donde está hospedado el servidor).","settings.openPreviewTarget":"Destino preferido para las vistas previas.","settings.portNumber":"Puerto local que debe intentar inicialmente el servidor de la vista previa dinámica. Si este número de puerto no funciona, incrementará el número de puerto hasta que encuentre un puerto libre.","settings.previewDebounceDelay":"Número de milisegundos de retraso que se va a usar al anular la actualización de vista previa.","settings.serverKeepAliveAfterEmbeddedPreviewClose":"Cuántos minutos después de cerrar la vista previa incrustada quiere que se apague el servidor. Establézcalo en 0 para que el servidor permanezca en modo indefinidamente.","settings.serverRoot":"Ruta de acceso relativa de la raíz del área de trabajo desde la que se sirven los archivos. Se obtendrá una vista previa de los archivos como si la raíz del área de trabajo se encontrara en esta ruta de acceso relativa. Si esta ruta de acceso de directorio no existe en el área de trabajo, se usará de forma predeterminada la raíz del área de trabajo. Esta configuración solo se aplica si tiene un área de trabajo abierta.","settings.showServerStatusNotifications":"Indica si se deben mostrar o no los mensajes de información en el cambio de estado de activación o desactivación del servidor.","settings.tasks.runTaskWithExternalPreview":"Indica si se deben emparejar las instancias de vista previa externas con la tarea de servidor generada automáticamente. Cuando está deshabilitada, el servidor tampoco se cerrará automáticamente (hasta que se cierre la ventana).","tasks.workspacePathDesc":"Ruta del área de trabajo en la que quiere iniciar el servidor."}
