{"commands.category":"即時預覽","commands.openAutomaticallyOnServerStart":"在伺服器啟動時自動開啟","commands.runServerLoggingTask":"開始伺服器記錄","commands.showDebugPreview":"顯示偵錯預覽","commands.showDebugPreviewExternalBrowser":"顯示偵錯預覽 (外部瀏覽器)","commands.showPreview":"顯示預覽","commands.showPreviewExternalBrowser":"顯示預覽 (外部瀏覽器)","commands.showPreviewInternalBrowser":"顯示預覽 (內部瀏覽器)","commands.startServer":"啟動伺服器","commands.startServerAtFileString":"在檔案路徑字串啟動伺服器","commands.stopServer":"停止伺服器","settings.autoRefreshPreview":"自動重新整理預覽的頻率。","settings.customExternalBrowser":"在外部瀏覽器中預覽檔案時，您要啟動的瀏覽器。僅適用於標準預覽 (非偵錯)，僅適用於電腦。","settings.debugOnExternalPreview":"是否要在外部預覽啟動時附加 JavaScript 偵錯工具。","settings.defaultPreviewPath":"啟動伺服器時要自動顯示的檔案。保留空白以在索引開啟。","settings.hostIP":"要裝載檔案的本機 IP 主機位址。","settings.httpHeaders":"應在伺服器的 HTTP 回應中設定的額外 HTTP 標頭。","settings.notifyOnOpenLooseFile":"是否要在開啟不是目前開啟之工作區 (或伺服器裝載的工作區) 的檔案預覽時通知使用者。","settings.openPreviewTarget":"預覽的偏好目標。","settings.portNumber":"即時預覽的伺服器應一開始嘗試哪一個本機連接埠。如果此連接埠號碼無效，它將遞增連接埠號碼，直到找到可用的連接埠為止。","settings.previewDebounceDelay":"取消彈出預覽更新時，可使用的延遲毫秒數。","settings.serverKeepAliveAfterEmbeddedPreviewClose":"關閉您希望伺服器關閉的內嵌預覽之後，需要幾分鐘的時間。設為 0，讓伺服器保持未定義狀態。","settings.serverRoot":"來自檔案提供來源之工作區根目錄的相對路徑。系統會預覽檔案，就如同工作區根目錄位於此相對路徑一樣。如果此目錄路徑不存在於您的工作區中，則會預設為工作區根目錄。只有當您已開啟工作區時，才會套用此設定。","settings.showServerStatusNotifications":"是否要在伺服器開啟/關閉狀態變更時顯示資訊訊息。","settings.tasks.runTaskWithExternalPreview":"是否要將外部預覽實例與自動產生的伺服器工作配對。停用時，在關閉視窗之前，伺服器也不會自動關閉。","tasks.workspacePathDesc":"您要伺服器在其中啟動之工作區的路徑。"}
