{"commands.category":"实时预览","commands.openAutomaticallyOnServerStart":"在服务器启动时自动打开","commands.runServerLoggingTask":"开始服务器日志记录","commands.showDebugPreview":"显示调试预览","commands.showDebugPreviewExternalBrowser":"显示调试预览(外部浏览器)","commands.showPreview":"显示预览","commands.showPreviewExternalBrowser":"显示预览(外部浏览器)","commands.showPreviewInternalBrowser":"显示预览(内部浏览器)","commands.startServer":"启动服务器","commands.startServerAtFileString":"在文件路径字符串处启动服务器","commands.stopServer":"停止服务器","settings.autoRefreshPreview":"自动刷新预览的频率。","settings.customExternalBrowser":"在外部浏览器中预览文件时要启动的浏览器。仅适用于普通预览(非调试)，并且仅在桌面上正常工作。","settings.debugOnExternalPreview":"是否在外部预览启动时附加 JavaScript 调试器。","settings.defaultPreviewPath":"启动服务器时要自动显示的文件。留空以在索引处打开。","settings.hostIP":"要托管文件的本地 IP 主机地址。","settings.httpHeaders":"应在服务器的 HTTP 响应中设置的额外 HTTP 标头。","settings.notifyOnOpenLooseFile":"是否在打开不属于当前已打开工作区(或托管服务器的工作区)的文件预览时通知用户。","settings.openPreviewTarget":"预览版的首选目标。","settings.portNumber":"实时预览服务器最初应尝试的本地端口。如果此端口号不起作用，它将递增端口号，直到找到可用端口。","settings.previewDebounceDelay":"反跳预览更新时要延迟多少毫秒。","settings.serverKeepAliveAfterEmbeddedPreviewClose":"关闭嵌入式预览后，你希望服务器关闭多少分钟。设置为 0 以使服务器保持无限期运行状态。","settings.serverRoot":"从中提供文件的工作区根目录的相对路径。文件将预览，就像工作区根位于此相对路径上一样。如果工作区中不存在此目录路径，它将默认为工作区根目录。仅当工作区处于打开状态时，此设置才适用。","settings.showServerStatusNotifications":"是否在服务器打开/关闭状态更改上显示信息消息。","settings.tasks.runTaskWithExternalPreview":"是否将外部预览实例与自动生成的服务器任务配对。禁用后，服务器也不会自动关闭(直到窗口关闭)。","tasks.workspacePathDesc":"要在其中启动服务器的工作区的路径。"}
