{"commands.category":"Préversion en direct","commands.openAutomaticallyOnServerStart":"Ouvrir automatiquement au démarrage du serveur","commands.runServerLoggingTask":"Démarrer la journalisation du serveur","commands.showDebugPreview":"Afficher la préversion du débogage","commands.showDebugPreviewExternalBrowser":"Afficher l’aperçu du débogage (navigateur externe)","commands.showPreview":"Afficher l'aperçu","commands.showPreviewExternalBrowser":"Afficher l’aperçu (navigateur externe)","commands.showPreviewInternalBrowser":"Afficher l’aperçu (navigateur interne)","commands.startServer":"Démarrer le serveur","commands.startServerAtFileString":"Démarrer le serveur sur la chaîne du chemin d’accès au fichier","commands.stopServer":"Arrêter le serveur","settings.autoRefreshPreview":"Fréquence d’actualisation automatique de l’aperçu.","settings.customExternalBrowser":"Navigateur à lancer lors de l’aperçu d’un fichier dans un navigateur externe. Fonctionne uniquement pour l’aperçu normal (non débogage) et ne fonctionne que sur le bureau.","settings.debugOnExternalPreview":"Indique s’il faut attacher ou non le débogueur JavaScript aux lancements d’aperçu externe.","settings.defaultPreviewPath":"Fichier à afficher automatiquement au démarrage du serveur. Laissez vide pour ouvrir à l’index.","settings.hostIP":"Adresse de l’hôte IP local sur lequel héberger vos fichiers.","settings.httpHeaders":"Les en-têtes HTTP supplémentaires qui doivent être définis dans les réponses HTTP du serveur.","settings.notifyOnOpenLooseFile":"Indique s’il faut avertir l’utilisateur lors de l’ouverture d’un aperçu d’un fichier qui ne fait pas partie de l’espace de travail actuellement ouvert (ou de l’espace de travail où le serveur est hébergé).","settings.openPreviewTarget":"Cible préférée pour les aperçus.","settings.portNumber":"Port local que le serveur de l’aperçu instantané doit essayer initialement. Si ce numéro de port ne fonctionne pas, il incrémente le numéro de port jusqu’à ce qu’il trouve un port libre.","settings.previewDebounceDelay":"Délai d’utilisation en millisecondes de la mise à jour de l’aperçu.","settings.serverKeepAliveAfterEmbeddedPreviewClose":"Combien de minutes après la fermeture de l’aperçu intégré vous voulez que le serveur s’arrête. Mettez la valeur 0 pour que le serveur reste allumé indéfiniment.","settings.serverRoot":"Le chemin relatif de la racine de l’espace de travail à partir duquel les fichiers sont servis. Les fichiers seront prévisualisés comme si la racine de l’espace de travail se trouvait à ce chemin relatif. Si ce chemin de répertoire n’existe pas dans votre espace de travail, la racine de l’espace de travail sera utilisée par défaut. Ce paramètre ne s’applique que si vous avez un espace de travail ouvert.","settings.showServerStatusNotifications":"Indique s’il faut ou non afficher les messages d’informations sur le changement d’état d’activation/désactivation du serveur.","settings.tasks.runTaskWithExternalPreview":"Indique s’il faut coupler ou non des instances d’aperçu externes à la tâche serveur générée automatiquement. Si cette option est désactivée, le serveur ne se ferme pas automatiquement (tant que la fenêtre n’est pas fermée).","tasks.workspacePathDesc":"Le chemin de l'espace de travail dans lequel vous souhaitez démarrer le serveur."}
