{"commands.category":"실시간 미리 보기","commands.openAutomaticallyOnServerStart":"서버 시작 시 자동으로 열기","commands.runServerLoggingTask":"서버 로깅 시작","commands.showDebugPreview":"디버그 표시(미리 보기)","commands.showDebugPreviewExternalBrowser":"디버그 미리 보기 표시(외부 브라우저)","commands.showPreview":"미리 보기 표시","commands.showPreviewExternalBrowser":"미리 보기 표시(외부 브라우저)","commands.showPreviewInternalBrowser":"미리 보기 표시(내부 브라우저)","commands.startServer":"서버 시작","commands.startServerAtFileString":"파일 경로 문자열에서 서버 시작","commands.stopServer":"서버 중지","settings.autoRefreshPreview":"미리 보기를 자동으로 새로고침하는 빈도입니다.","settings.customExternalBrowser":"외부 브라우저에서 파일을 미리 볼 때 시작할 브라우저입니다. 일반 미리 보기(디버그 외)에서만 작동하고 데스크톱에서만 작동합니다.","settings.debugOnExternalPreview":"외부 미리 보기 실행 시 JavaScript 디버거를 연결할지 여부입니다.","settings.defaultPreviewPath":"서버 시작 시 자동으로 표시할 파일입니다. 색인에서 열려면 비워 둡니다.","settings.hostIP":"파일을 호스팅할 로컬 IP 호스트 주소입니다.","settings.httpHeaders":"서버의 HTTP 응답에 설정해야 하는 추가 HTTP 헤더입니다.","settings.notifyOnOpenLooseFile":"현재 열려 있는 작업 영역(또는 서버가 호스팅되는 작업 영역)의 일부가 아닌 파일에 대한 미리 보기를 열 때 사용자에게 알릴지 여부입니다.","settings.openPreviewTarget":"미리 보기의 기본 대상입니다.","settings.portNumber":"라이브 미리 보기의 서버가 처음에 시도해야 하는 로컬 포트입니다. 이 포트 번호가 작동하지 않으면 여유 포트를 찾을 때까지 포트 번호를 증가시킵니다.","settings.previewDebounceDelay":"미리 보기 업데이트를 디버그할 때 사용할 지연 시간(밀리초)입니다.","settings.serverKeepAliveAfterEmbeddedPreviewClose":"포함된 미리 보기를 닫은 후 서버를 종료할 시간(분)입니다. 서버가 무한정 켜져 있도록 하려면 0으로 설정하세요.","settings.serverRoot":"파일이 제공되는 작업 영역 루트의 상대 경로입니다. 작업 영역 루트가 이 상대 경로에 있는 것처럼 파일이 미리 보기됩니다. 이 디렉터리 경로가 작업 영역에 없는 경우 기본적으로 작업 영역 루트로 설정됩니다. 이 설정은 작업 영역이 열려 있는 경우에만 적용됩니다.","settings.showServerStatusNotifications":"서버 온/오프 상태 변경에 대한 정보 메시지를 표시할지 여부입니다.","settings.tasks.runTaskWithExternalPreview":"외부 미리 보기 인스턴스를 자동 생성된 서버 작업과 페어링할지 여부입니다. 비활성화되면 서버도 자동으로 닫히지 않습니다(창이 닫힐 때까지).","tasks.workspacePathDesc":"서버를 시작하려는 작업 영역의 경로입니다."}
