{"commands.category":"Динамический просмотр","commands.openAutomaticallyOnServerStart":"Открывать автоматически при запуске сервера","commands.runServerLoggingTask":"Запуск ведения журнала сервера","commands.showDebugPreview":"Предварительный просмотр результатов отладки","commands.showDebugPreviewExternalBrowser":"Предварительный просмотр результатов отладки (внешний браузер)","commands.showPreview":"Предварительный просмотр","commands.showPreviewExternalBrowser":"Предварительный просмотр (внешний браузер)","commands.showPreviewInternalBrowser":"Предварительный просмотр (внутренний браузер)","commands.startServer":"Запустить сервер","commands.startServerAtFileString":"Запуск сервера в строке пути к файлу","commands.stopServer":"Остановить сервер","settings.autoRefreshPreview":"Частота автоматического обновления предварительной версии.","settings.customExternalBrowser":"Браузер, который вы хотите запускать при предварительном просмотре файла во внешнем браузере. Подходит только для обычного предварительного просмотра (без отладки) и работает только на компьютере.","settings.debugOnExternalPreview":"Следует ли подключать отладчик JavaScript к запускам внешней предварительной версии.","settings.defaultPreviewPath":"Файл для автоматического отображения при запуске сервера. Оставьте пустым, чтобы открыть индекс.","settings.hostIP":"Локальный IP-адрес узла для размещения ваших файлов.","settings.httpHeaders":"Дополнительные заголовки HTTP, которые должны быть установлены в HTTP-ответах сервера.","settings.notifyOnOpenLooseFile":"Следует ли уведомлять пользователя при открытии предварительной версии файла, который не является частью открытой в данный момент рабочей области (или рабочей области, в которой размещен сервер).","settings.openPreviewTarget":"Предпочтительный целевой объект для предварительного просмотра.","settings.portNumber":"Какой локальный порт должен первоначально пытаться использовать сервер динамического просмотра. Если этот номер порта не работает, он добавит номер порта, пока не найдет свободный порт.","settings.previewDebounceDelay":"Число миллисекунд задержки, используемой при отключении предварительной версии обновления.","settings.serverKeepAliveAfterEmbeddedPreviewClose":"Сколько минут после закрытия внедренной предварительной версии вы хотите отключить сервер. Установите значение 0, чтобы сервер оставался включенным на неопределенный срок.","settings.serverRoot":"Относительный путь из корня рабочей области, из которого обслуживаются файлы. Файлы будут предварительно просмотрены, как если бы корень рабочей области был указан по этому относительному пути. Если этот путь к каталогу не существует в вашей рабочей области, по умолчанию будет использоваться корень рабочей области. Этот параметр применяется только в том случае, если открыта рабочая область.","settings.showServerStatusNotifications":"Показывать или нет информационные сообщения о включении или отключении сервера при изменении состояния.","settings.tasks.runTaskWithExternalPreview":"Следует ли связывать внешние экземпляры предварительной версии с автоматически созданной задачей сервера. При отключении сервер также не будет автоматически закрываться (пока окно не будет закрыто).","tasks.workspacePathDesc":"Путь для рабочей области, в которой вы хотите запустить сервер."}
